TaskId,TimeExecuting,TimeInQueue,StartTimeStamp,EndTimeStamp
5,114,0,1714832773.5327923,1714832888.0934007
2,134,0,1714832770.5174809,1714832905.2528367
11,174,0,1714832779.539694,1714832954.5336115
0,194,0,1714832768.5168855,1714832962.7416854
1,193,0,1714832769.5177395,1714832962.9124074
8,193,0,1714832776.5265348,1714832970.4817808
12,122,1,1714832960.273508,1714833083.2289395
6,311,0,1714832774.5258868,1714833086.007113
18,118,1,1714832972.9064481,1714833091.0656955
15,222,0,1714832963.2333007,1714833185.2592075
4,224,0,1714832969.0477016,1714833193.0742054
3,122,28,1714833084.6037817,1714833206.8572192
17,219,0,1714833050.897324,1714833270.2700965
9,315,0,1714832958.239631,1714833273.9869542
7,111,30,1714833186.5952725,1714833297.6451857
21,173,0,1714833155.0049412,1714833328.0197976
10,194,1,1714833144.3060737,1714833338.3472846
25,110,0,1714833232.3899388,1714833342.54059
14,164,0,1714833240.1443214,1714833405.0212858
22,176,0,1714833242.1331918,1714833418.6843138
19,172,26,1714833271.670774,1714833444.2011783
29,165,0,1714833330.6549437,1714833495.8335285
27,195,0,1714833327.7557793,1714833523.168004
26,219,54,1714833326.7456737,1714833546.6968782
32,130,71,1714833417.4186957,1714833548.3445618
30,134,1,1714833425.299373,1714833559.837728
20,227,0,1714833334.5591168,1714833561.738646
16,173,0,1714833423.2583566,1714833596.7795472
13,370,0,1714833238.1840723,1714833609.1464825
33,194,0,1714833419.3275428,1714833613.7487683
36,118,1,1714833511.1887522,1714833629.957387
28,358,0,1714833328.793942,1714833687.3797004
34,216,0,1714833514.1198096,1714833730.7387905
23,131,0,1714833612.468658,1714833744.3753643
44,129,8,1714833631.3131866,1714833760.8614585
35,174,1,1714833608.6512861,1714833782.8038783
42,194,38,1714833603.7470307,1714833798.6440365
45,167,62,1714833695.278125,1714833862.430727
37,263,0,1714833614.436738,1714833878.1042075
24,121,0,1714833794.8903146,1714833916.5059383
43,145,0,1714833792.9648516,1714833938.0701537
46,197,12,1714833745.7228527,1714833942.806162
41,145,0,1714833797.8761032,1714833943.2177553
48,254,42,1714833790.0787654,1714834044.2879226
39,144,0,1714833980.3079932,1714834124.979473
38,252,0,1714833888.156986,1714834140.5325952
49,238,0,1714833978.3346536,1714834217.1232612
47,254,0,1714833976.4030137,1714834231.096371
31,308,0,1714834254.5825422,1714834563.2150466
40,303,0,1714834345.482325,1714834648.5331137
